DIR1	DIR2	ADD	REMOVE	Churn	TotalFiles	TouchedFiles	FileChurn	ChurnCount	LOC	ChurnLOC
rtorrent-0.7.2	rtorrent-0.8.0	2907	1866	4773	191	150	0.785340314136126	150	35435	0.134697333145195
