DIR1	DIR2	ADD	REMOVE	Churn	TotalFiles	TouchedFiles	FileChurn	ChurnCount	LOC	ChurnLOC
rtorrent-0.4.1	rtorrent-0.5.0	2515	1223	3738	141	120	0.851063829787234	120	23133	0.1615873427571
