DIR1	DIR2	ADD	REMOVE	Churn	TotalFiles	TouchedFiles	FileChurn	ChurnCount	LOC	ChurnLOC
rtorrent-0.8.0	rtorrent-0.8.1	1216	1035	2251	192	46	0.239583333333333	46	35687	0.0630761902093199
