DIR1	DIR2	ADD	REMOVE	Churn	TotalFiles	TouchedFiles	FileChurn	ChurnCount	LOC	ChurnLOC
rtorrent-0.8.3	rtorrent-0.8.5	8645	6400	15045	198	63	0.318181818181818	63	38844	0.387318504788384
