DIR1	DIR2	ADD	REMOVE	Churn	TotalFiles	TouchedFiles	FileChurn	ChurnCount	LOC	ChurnLOC
rtorrent-0.8.9	rtorrent-0.9.0	1110	1001	2111	217	184	0.847926267281106	184	44055	0.0479173760072636
